{"token": "ya29.a0ARrdaM-pFr2Fi4Fdg39o9BchOu5WUPXo02dKSPx7w7SD_oCh4x39izFXSbl8TzafuHTCxU2-kaUbFI-E2_DvQlnmfaWt_V3VupVV-48NcqW18OByJ_qr8pA3eWp7O9VrB0OqNXkDylNHgm5OaL9K27JJAzwY", "refresh_token": "1//0cxSgcMjIvX8ACgYIARAAGAwSNwF-L9Irfxq40QXbnJckbwTYMEClImwMSO4oc_ulBbEjL5wVKLjf6oG2p8YBGBmbGyhYYSp1zLA", "token_uri": "https://oauth2.googleapis.com/token", "client_id": "343790934898-c7qstvsumq9ihu90k69nqbundq91mnea.apps.googleusercontent.com", "client_secret": "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", "scopes": ["https://www.googleapis.com/auth/drive", "https://www.googleapis.com/auth/cloud-platform", "https://www.googleapis.com/auth/iam"], "expiry": "2021-12-06T10:40:49.354119Z"}